{"cameraMode":{"drawMode":0,"name":"Shaded","section":"Shading Mode"},"sceneLighting":true,"audioPlay":false,"sceneViewState":{"showFog":true,"showMaterialUpdate":false,"showSkybox":true,"showFlares":true,"showImageEffects":true,"showParticleSystems":true},"in2DMode":false,"pivot":{"x":-1.5045783519744874,"y":-13.369718551635743,"z":17.831783294677736},"rotation":{"x":-0.27559149265289309,"y":0.02768160216510296,"z":-0.00787010695785284,"w":-0.9608869552612305},"size":16.84444808959961,"orthographic":false}