{"cameraMode":{"drawMode":0,"name":"Shaded","section":"Shading Mode"},"sceneLighting":true,"audioPlay":false,"sceneViewState":{"showFog":true,"showMaterialUpdate":true,"showSkybox":true,"showFlares":true,"showImageEffects":true,"showParticleSystems":true},"in2DMode":false,"pivot":{"x":1.566650390625,"y":1.850830078125,"z":-7.54229736328125},"rotation":{"x":0.040058158338069919,"y":-0.8218147158622742,"z":0.565828800201416,"w":0.057391680777072909},"size":1.874014139175415,"orthographic":true}