{"cameraMode":{"drawMode":0,"name":"Shaded","section":"Shading Mode"},"sceneLighting":false,"audioPlay":false,"sceneViewState":{"showFog":true,"showMaterialUpdate":true,"showSkybox":false,"showFlares":true,"showImageEffects":true,"showParticleSystems":true},"in2DMode":false,"pivot":{"x":0.0010501742362976075,"y":0.4158781170845032,"z":0.00303027406334877},"rotation":{"x":0.21962302923202516,"y":-0.13114619255065919,"z":0.030052922666072847,"w":0.9663740396499634},"size":0.6549343466758728,"orthographic":true}